{
  "HTTP Request-1" : {
    "transaction" : "HTTP Request-1",
    "sampleCount" : 4319,
    "errorCount" : 3202,
    "errorPct" : 74.137535,
    "meanResTime" : 55059.635795323025,
    "medianResTime" : 21141.0,
    "minResTime" : 1121.0,
    "maxResTime" : 2186910.0,
    "pct1ResTime" : 73781.0,
    "pct2ResTime" : 99224.0,
    "pct3ResTime" : 2184188.4000000004,
    "throughput" : 1.974604907572123,
    "receivedKBytesPerSec" : 85.70501828575468,
    "sentKBytesPerSec" : 0.07459524085470812
  },
  "Total" : {
    "transaction" : "Total",
    "sampleCount" : 18638,
    "errorCount" : 12085,
    "errorPct" : 64.840645,
    "meanResTime" : 35588.86296812967,
    "medianResTime" : 21094.0,
    "minResTime" : 1.0,
    "maxResTime" : 2187845.0,
    "pct1ResTime" : 55084.50000000003,
    "pct2ResTime" : 74986.29999999996,
    "pct3ResTime" : 125565.50000000015,
    "throughput" : 8.51879157298723,
    "receivedKBytesPerSec" : 179.83527953598912,
    "sentKBytesPerSec" : 0.6349553920961446
  },
  "HTTP Request-0" : {
    "transaction" : "HTTP Request-0",
    "sampleCount" : 4319,
    "errorCount" : 0,
    "errorPct" : 0.0,
    "meanResTime" : 4925.816624218577,
    "medianResTime" : 1067.0,
    "minResTime" : 498.0,
    "maxResTime" : 95349.0,
    "pct1ResTime" : 21429.0,
    "pct2ResTime" : 26146.0,
    "pct3ResTime" : 37178.000000000015,
    "throughput" : 44.0790749415715,
    "receivedKBytesPerSec" : 17.562756422032393,
    "sentKBytesPerSec" : 5.42379242445118
  },
  "HTTP Request" : {
    "transaction" : "HTTP Request",
    "sampleCount" : 10000,
    "errorCount" : 8883,
    "errorPct" : 88.83,
    "meanResTime" : 40422.80590000006,
    "medianResTime" : 21310.0,
    "minResTime" : 1.0,
    "maxResTime" : 2187845.0,
    "pct1ResTime" : 58591.09999999998,
    "pct2ResTime" : 75991.84999999995,
    "pct3ResTime" : 124667.36999999998,
    "throughput" : 4.570657566792161,
    "receivedKBytesPerSec" : 93.36706593479202,
    "sentKBytesPerSec" : 0.3174776960480723
  }
}