{
  "HTTP请求" : {
    "transaction" : "HTTP请求",
    "sampleCount" : 50,
    "errorCount" : 0,
    "errorPct" : 0.0,
    "meanResTime" : 3003.44,
    "medianResTime" : 2837.5,
    "minResTime" : 2355.0,
    "maxResTime" : 4390.0,
    "pct1ResTime" : 3478.4,
    "pct2ResTime" : 3806.4499999999975,
    "pct3ResTime" : 4390.0,
    "throughput" : 11.086474501108649,
    "receivedKBytesPerSec" : 46.41378533813747,
    "sentKBytesPerSec" : 1.5590354767184036
  },
  "Total" : {
    "transaction" : "Total",
    "sampleCount" : 50,
    "errorCount" : 0,
    "errorPct" : 0.0,
    "meanResTime" : 3003.44,
    "medianResTime" : 2837.5,
    "minResTime" : 2355.0,
    "maxResTime" : 4390.0,
    "pct1ResTime" : 3478.4,
    "pct2ResTime" : 3806.4499999999975,
    "pct3ResTime" : 4390.0,
    "throughput" : 11.086474501108649,
    "receivedKBytesPerSec" : 46.41378533813747,
    "sentKBytesPerSec" : 1.5590354767184036
  }
}