{
  "HTTP Request-1" : {
    "transaction" : "HTTP Request-1",
    "sampleCount" : 50,
    "errorCount" : 0,
    "errorPct" : 0.0,
    "meanResTime" : 4481.539999999999,
    "medianResTime" : 4280.0,
    "minResTime" : 3594.0,
    "maxResTime" : 6170.0,
    "pct1ResTime" : 5431.9,
    "pct2ResTime" : 5937.849999999999,
    "pct3ResTime" : 6170.0,
    "throughput" : 7.23589001447178,
    "receivedKBytesPerSec" : 1153.636882688133,
    "sentKBytesPerSec" : 0.8903536541244573
  },
  "Total" : {
    "transaction" : "Total",
    "sampleCount" : 150,
    "errorCount" : 0,
    "errorPct" : 0.0,
    "meanResTime" : 3390.2333333333327,
    "medianResTime" : 4251.0,
    "minResTime" : 557.0,
    "maxResTime" : 6745.0,
    "pct1ResTime" : 5570.8,
    "pct2ResTime" : 5937.8499999999985,
    "pct3ResTime" : 6666.460000000001,
    "throughput" : 19.986675549633578,
    "receivedKBytesPerSec" : 2129.6609551965357,
    "sentKBytesPerSec" : 3.279063957361759
  },
  "HTTP Request-0" : {
    "transaction" : "HTTP Request-0",
    "sampleCount" : 50,
    "errorCount" : 0,
    "errorPct" : 0.0,
    "meanResTime" : 603.6400000000002,
    "medianResTime" : 599.0,
    "minResTime" : 557.0,
    "maxResTime" : 695.0,
    "pct1ResTime" : 642.9,
    "pct2ResTime" : 650.6999999999999,
    "pct3ResTime" : 695.0,
    "throughput" : 32.195750160978754,
    "receivedKBytesPerSec" : 12.827994204764972,
    "sentKBytesPerSec" : 3.9615864455891825
  },
  "HTTP Request" : {
    "transaction" : "HTTP Request",
    "sampleCount" : 50,
    "errorCount" : 0,
    "errorPct" : 0.0,
    "meanResTime" : 5085.5199999999995,
    "medianResTime" : 4896.5,
    "minResTime" : 4190.0,
    "maxResTime" : 6745.0,
    "pct1ResTime" : 6050.099999999999,
    "pct2ResTime" : 6578.9,
    "pct3ResTime" : 6745.0,
    "throughput" : 6.662225183211192,
    "receivedKBytesPerSec" : 1064.8304775982679,
    "sentKBytesPerSec" : 1.6395319786808795
  }
}