{
  "HTTP Request-1" : {
    "transaction" : "HTTP Request-1",
    "sampleCount" : 10,
    "errorCount" : 0,
    "errorPct" : 0.0,
    "meanResTime" : 4732.1,
    "medianResTime" : 4637.5,
    "minResTime" : 4506.0,
    "maxResTime" : 5108.0,
    "pct1ResTime" : 5101.5,
    "pct2ResTime" : 5108.0,
    "pct3ResTime" : 5108.0,
    "throughput" : 1.7869907076483202,
    "receivedKBytesPerSec" : 284.90460541011436,
    "sentKBytesPerSec" : 0.2198836222301644
  },
  "Total" : {
    "transaction" : "Total",
    "sampleCount" : 30,
    "errorCount" : 0,
    "errorPct" : 0.0,
    "meanResTime" : 3619.7666666666664,
    "medianResTime" : 4637.5,
    "minResTime" : 660.0,
    "maxResTime" : 5774.0,
    "pct1ResTime" : 5545.6,
    "pct2ResTime" : 5770.7,
    "pct3ResTime" : 5774.0,
    "throughput" : 4.774029280712922,
    "receivedKBytesPerSec" : 508.69209003023553,
    "sentKBytesPerSec" : 0.7832391788669637
  },
  "HTTP Request-0" : {
    "transaction" : "HTTP Request-0",
    "sampleCount" : 10,
    "errorCount" : 0,
    "errorPct" : 0.0,
    "meanResTime" : 697.4,
    "medianResTime" : 690.0,
    "minResTime" : 660.0,
    "maxResTime" : 742.0,
    "pct1ResTime" : 741.1,
    "pct2ResTime" : 742.0,
    "pct3ResTime" : 742.0,
    "throughput" : 6.0938452163315056,
    "receivedKBytesPerSec" : 2.4280164533820843,
    "sentKBytesPerSec" : 0.7498286106032906
  },
  "HTTP Request" : {
    "transaction" : "HTTP Request",
    "sampleCount" : 10,
    "errorCount" : 0,
    "errorPct" : 0.0,
    "meanResTime" : 5429.8,
    "medianResTime" : 5364.0,
    "minResTime" : 5178.0,
    "maxResTime" : 5774.0,
    "pct1ResTime" : 5773.4,
    "pct2ResTime" : 5774.0,
    "pct3ResTime" : 5774.0,
    "throughput" : 1.591343093570974,
    "receivedKBytesPerSec" : 254.34604501511777,
    "sentKBytesPerSec" : 0.39161958943348185
  }
}