{
  "HTTP Request-1" : {
    "transaction" : "HTTP Request-1",
    "sampleCount" : 30,
    "errorCount" : 0,
    "errorPct" : 0.0,
    "meanResTime" : 3950.1000000000004,
    "medianResTime" : 3938.0,
    "minResTime" : 3527.0,
    "maxResTime" : 4339.0,
    "pct1ResTime" : 4274.8,
    "pct2ResTime" : 4322.5,
    "pct3ResTime" : 4339.0,
    "throughput" : 5.7770075101097635,
    "receivedKBytesPerSec" : 921.0434268486425,
    "sentKBytesPerSec" : 0.7108427209705374
  },
  "Total" : {
    "transaction" : "Total",
    "sampleCount" : 90,
    "errorCount" : 0,
    "errorPct" : 0.0,
    "meanResTime" : 3067.9888888888895,
    "medianResTime" : 3938.0,
    "minResTime" : 588.0,
    "maxResTime" : 4974.0,
    "pct1ResTime" : 4807.400000000001,
    "pct2ResTime" : 4918.65,
    "pct3ResTime" : 4974.0,
    "throughput" : 15.285326086956522,
    "receivedKBytesPerSec" : 1628.7131931470788,
    "sentKBytesPerSec" : 2.507748811141304
  },
  "HTTP Request-0" : {
    "transaction" : "HTTP Request-0",
    "sampleCount" : 30,
    "errorCount" : 0,
    "errorPct" : 0.0,
    "meanResTime" : 651.6666666666665,
    "medianResTime" : 656.5,
    "minResTime" : 588.0,
    "maxResTime" : 724.0,
    "pct1ResTime" : 698.7,
    "pct2ResTime" : 714.1,
    "pct3ResTime" : 724.0,
    "throughput" : 18.6219739292365,
    "receivedKBytesPerSec" : 7.419692737430168,
    "sentKBytesPerSec" : 2.2913756983240225
  },
  "HTTP Request" : {
    "transaction" : "HTTP Request",
    "sampleCount" : 30,
    "errorCount" : 0,
    "errorPct" : 0.0,
    "meanResTime" : 4602.2,
    "medianResTime" : 4567.0,
    "minResTime" : 4181.0,
    "maxResTime" : 4974.0,
    "pct1ResTime" : 4932.5,
    "pct2ResTime" : 4969.05,
    "pct3ResTime" : 4974.0,
    "throughput" : 5.095108695652174,
    "receivedKBytesPerSec" : 814.3565965735394,
    "sentKBytesPerSec" : 1.253874405570652
  }
}