{
  "HTTP Request-1" : {
    "transaction" : "HTTP Request-1",
    "sampleCount" : 499,
    "errorCount" : 2,
    "errorPct" : 0.4008016,
    "meanResTime" : 27448.757515030076,
    "medianResTime" : 27704.0,
    "minResTime" : 8156.0,
    "maxResTime" : 103049.0,
    "pct1ResTime" : 34359.0,
    "pct2ResTime" : 37503.0,
    "pct3ResTime" : 64892.0,
    "throughput" : 4.827646256397357,
    "receivedKBytesPerSec" : 766.6482067446765,
    "sentKBytesPerSec" : 0.5916459165755638
  },
  "Total" : {
    "transaction" : "Total",
    "sampleCount" : 1498,
    "errorCount" : 5,
    "errorPct" : 0.33377838,
    "meanResTime" : 18683.772363150863,
    "medianResTime" : 23667.5,
    "minResTime" : 496.0,
    "maxResTime" : 103632.0,
    "pct1ResTime" : 33124.4,
    "pct2ResTime" : 35757.2,
    "pct3ResTime" : 48522.639999999985,
    "throughput" : 14.421179302045728,
    "receivedKBytesPerSec" : 1529.593402151023,
    "sentKBytesPerSec" : 2.359657039711191
  },
  "HTTP Request-0" : {
    "transaction" : "HTTP Request-0",
    "sampleCount" : 499,
    "errorCount" : 0,
    "errorPct" : 0.0,
    "meanResTime" : 573.6973947895789,
    "medianResTime" : 572.0,
    "minResTime" : 496.0,
    "maxResTime" : 701.0,
    "pct1ResTime" : 626.0,
    "pct2ResTime" : 648.0,
    "pct3ResTime" : 679.0,
    "throughput" : 309.7454996896338,
    "receivedKBytesPerSec" : 123.41422253258845,
    "sentKBytesPerSec" : 38.11321578212291
  },
  "HTTP Request" : {
    "transaction" : "HTTP Request",
    "sampleCount" : 500,
    "errorCount" : 3,
    "errorPct" : 0.6,
    "meanResTime" : 28010.171999999995,
    "medianResTime" : 28249.5,
    "minResTime" : 8764.0,
    "maxResTime" : 103632.0,
    "pct1ResTime" : 34959.600000000006,
    "pct2ResTime" : 38076.799999999996,
    "pct3ResTime" : 65388.71000000005,
    "throughput" : 4.813477737665464,
    "receivedKBytesPerSec" : 764.8099710439229,
    "sentKBytesPerSec" : 1.1798285198555956
  }
}