{
  "HTTP Request-1" : {
    "transaction" : "HTTP Request-1",
    "sampleCount" : 20,
    "errorCount" : 0,
    "errorPct" : 0.0,
    "meanResTime" : 4066.6499999999996,
    "medianResTime" : 4116.0,
    "minResTime" : 3517.0,
    "maxResTime" : 4419.0,
    "pct1ResTime" : 4341.0,
    "pct2ResTime" : 4415.2,
    "pct3ResTime" : 4419.0,
    "throughput" : 3.8842493688094777,
    "receivedKBytesPerSec" : 619.2760426781899,
    "sentKBytesPerSec" : 0.47794474655272867
  },
  "Total" : {
    "transaction" : "Total",
    "sampleCount" : 60,
    "errorCount" : 0,
    "errorPct" : 0.0,
    "meanResTime" : 3131.8666666666672,
    "medianResTime" : 4108.5,
    "minResTime" : 588.0,
    "maxResTime" : 5045.0,
    "pct1ResTime" : 4846.9,
    "pct2ResTime" : 4978.15,
    "pct3ResTime" : 5045.0,
    "throughput" : 10.378827192527245,
    "receivedKBytesPerSec" : 1105.9059310672894,
    "sentKBytesPerSec" : 1.7027763362740012
  },
  "HTTP Request-0" : {
    "transaction" : "HTTP Request-0",
    "sampleCount" : 20,
    "errorCount" : 0,
    "errorPct" : 0.0,
    "meanResTime" : 630.9000000000001,
    "medianResTime" : 628.5,
    "minResTime" : 588.0,
    "maxResTime" : 685.0,
    "pct1ResTime" : 669.0,
    "pct2ResTime" : 684.2,
    "pct3ResTime" : 685.0,
    "throughput" : 12.845215157353886,
    "receivedKBytesPerSec" : 5.118015414258189,
    "sentKBytesPerSec" : 1.580563583815029
  },
  "HTTP Request" : {
    "transaction" : "HTTP Request",
    "sampleCount" : 20,
    "errorCount" : 0,
    "errorPct" : 0.0,
    "meanResTime" : 4698.05,
    "medianResTime" : 4738.5,
    "minResTime" : 4115.0,
    "maxResTime" : 5045.0,
    "pct1ResTime" : 5005.4,
    "pct2ResTime" : 5043.15,
    "pct3ResTime" : 5045.0,
    "throughput" : 3.459609064175748,
    "receivedKBytesPerSec" : 552.9529655336447,
    "sentKBytesPerSec" : 0.8513881681370006
  }
}