{
  "HTTP Request-1" : {
    "transaction" : "HTTP Request-1",
    "sampleCount" : 5,
    "errorCount" : 0,
    "errorPct" : 0.0,
    "meanResTime" : 4509.4,
    "medianResTime" : 4485.0,
    "minResTime" : 4280.0,
    "maxResTime" : 4892.0,
    "pct1ResTime" : 4892.0,
    "pct2ResTime" : 4892.0,
    "pct3ResTime" : 4892.0,
    "throughput" : 0.9480470231323473,
    "receivedKBytesPerSec" : 151.1496181148085,
    "sentKBytesPerSec" : 0.11665422354948805
  },
  "Total" : {
    "transaction" : "Total",
    "sampleCount" : 15,
    "errorCount" : 0,
    "errorPct" : 0.0,
    "meanResTime" : 3474.6666666666665,
    "medianResTime" : 4485.0,
    "minResTime" : 615.0,
    "maxResTime" : 5645.0,
    "pct1ResTime" : 5415.8,
    "pct2ResTime" : 5645.0,
    "pct3ResTime" : 5645.0,
    "throughput" : 2.5466893039049237,
    "receivedKBytesPerSec" : 271.36002493633276,
    "sentKBytesPerSec" : 0.41781621392190155
  },
  "HTTP Request-0" : {
    "transaction" : "HTTP Request-0",
    "sampleCount" : 5,
    "errorCount" : 0,
    "errorPct" : 0.0,
    "meanResTime" : 702.4,
    "medianResTime" : 711.0,
    "minResTime" : 615.0,
    "maxResTime" : 753.0,
    "pct1ResTime" : 753.0,
    "pct2ResTime" : 753.0,
    "pct3ResTime" : 753.0,
    "throughput" : 3.2981530343007917,
    "receivedKBytesPerSec" : 1.3141078496042216,
    "sentKBytesPerSec" : 0.4058274241424802
  },
  "HTTP Request" : {
    "transaction" : "HTTP Request",
    "sampleCount" : 5,
    "errorCount" : 0,
    "errorPct" : 0.0,
    "meanResTime" : 5212.2,
    "medianResTime" : 5101.0,
    "minResTime" : 4967.0,
    "maxResTime" : 5645.0,
    "pct1ResTime" : 5645.0,
    "pct2ResTime" : 5645.0,
    "pct3ResTime" : 5645.0,
    "throughput" : 0.8488964346349746,
    "receivedKBytesPerSec" : 135.68001246816638,
    "sentKBytesPerSec" : 0.20890810696095077
  }
}