{
  "HTTP Request-1" : {
    "transaction" : "HTTP Request-1",
    "sampleCount" : 100,
    "errorCount" : 0,
    "errorPct" : 0.0,
    "meanResTime" : 6745.120000000002,
    "medianResTime" : 6500.5,
    "minResTime" : 3773.0,
    "maxResTime" : 10867.0,
    "pct1ResTime" : 8778.9,
    "pct2ResTime" : 9833.949999999995,
    "pct3ResTime" : 10863.249999999998,
    "throughput" : 8.448800270361609,
    "receivedKBytesPerSec" : 1346.998002650811,
    "sentKBytesPerSec" : 1.039598470767151
  },
  "Total" : {
    "transaction" : "Total",
    "sampleCount" : 300,
    "errorCount" : 0,
    "errorPct" : 0.0,
    "meanResTime" : 4884.3066666666655,
    "medianResTime" : 5879.0,
    "minResTime" : 519.0,
    "maxResTime" : 11505.0,
    "pct1ResTime" : 8688.5,
    "pct2ResTime" : 9422.4,
    "pct3ResTime" : 10945.210000000001,
    "throughput" : 24.222850222042794,
    "receivedKBytesPerSec" : 2581.0112409164312,
    "sentKBytesPerSec" : 3.974061364553896
  },
  "HTTP Request-0" : {
    "transaction" : "HTTP Request-0",
    "sampleCount" : 100,
    "errorCount" : 0,
    "errorPct" : 0.0,
    "meanResTime" : 580.91,
    "medianResTime" : 585.0,
    "minResTime" : 519.0,
    "maxResTime" : 639.0,
    "pct1ResTime" : 618.9,
    "pct2ResTime" : 631.6999999999999,
    "pct3ResTime" : 638.99,
    "throughput" : 62.81407035175879,
    "receivedKBytesPerSec" : 25.027481155778894,
    "sentKBytesPerSec" : 7.72907506281407
  },
  "HTTP Request" : {
    "transaction" : "HTTP Request",
    "sampleCount" : 100,
    "errorCount" : 0,
    "errorPct" : 0.0,
    "meanResTime" : 7326.889999999999,
    "medianResTime" : 7104.0,
    "minResTime" : 4327.0,
    "maxResTime" : 11505.0,
    "pct1ResTime" : 9330.800000000001,
    "pct2ResTime" : 10392.199999999995,
    "pct3ResTime" : 11500.299999999997,
    "throughput" : 8.074283407347599,
    "receivedKBytesPerSec" : 1290.5056204582156,
    "sentKBytesPerSec" : 1.987030682276948
  }
}